AECK J̩ér̩émy 2AGENEAU Pierre-Marie 2ASTOLFI Caroline 1AZOULAY Nathan 1BARAKAT Anas 2BASSE Antoine 2BAUVIN Alexis 2BEN_AMMAR Selim 2BENKIRANE Salim 2BERCHE Fanny 1BERNOUSSI Ismail 3BESSOU Thomas 6BISSAUGE Ludovic 6BLAISE Léa 2BLANCHET Alexis 2BOUCARD Vincent 2BOUGHALEM Dounia 2BOULAHDID Abdessalam 3BOULITROP Charles 2BROFIGA Roméo 2Bias Steven 6Bisogno Vincent 2CACCIAGUERRA Adrien 1CARVES Thomas 2CHAPUIS Nicolas 2CHARBONNIERAS Vincent 2CHARVET Valentin 1CHASSETUILLIER Léon 3CHEDRU Raphaël 1CLOCHARD Kei-Saburo 3COHEN-OLIVAR Adrien 2CORDA Guillaume 2Cheriaux Erwan 6DAUDEL Kamélia 2DE_RIBAUCOURT Enguerrand 1DECOODT Clément 1DEMRI Léa 1DENIS Antoine 3DESRICHARD François 2DUBARRY-COUCOU Sofyan 2DUBESSAY Arnaud 3DUPONT Grégoire 2DUVERNEUIL Paul 3Demasson Camille 6DECHELLE_MARQUET Marie 2EDWARDS Philippe 1EL_ADNANI Chadi 4EL_ATTAR_SOFI Khadija 3EL_HAMRI Amale 3EL_MANSOURI Ilyass 3FASSI-FEHRI Faycal 5FENIOUX Roman 2FLEUTRY Paul 4GABOUGE Nawel 1GAILLARD Vincent 6GARINO Valentin 3GARNOT Lucas 3GAUFRES David 2GHANBARI Danial 1GILLIOT Maxence 3GOURDEL Régis 3GRAMMATIKAS Justine 3Guthmann François 3HABAS Zainab 2HAMIDOU Wissem 4HANNEBELLE Stanislas 3HARRAK Rihab 4HERBELOT Loïc 3HORACHE Sofiane 1HUARD Alexandra 1JANNIAUX Alexandre 3JARASSE Vincent 3JIA David 3JOURDAN David 3KACHOURI Mariem 3KHANDID Karim 4KORTAS Nesrine 4LABAISSE Hugo 4LAGASSE Adrien 3LAGRANGE Guillaume 4LAVIE Emilien 1LAZARD Benjamin 4LE_BOUCHER_D'HEROUVILLE Tanguy 4LEDIEU Margaux 3LEMAIRE Thibaud 1LEPEUDRY Jean 4LUO Thomas 3LUTZ Quentin 4LY Eugénie 1Lopez Antony 6MALIK Ilyas 4MARCENAT Adrien 4MARCILHACY Clément 4MATHERY Xavier 4MATHIEU Axel 1MEN Hongling 6MERINDOL Arnaud 4MEYNIER Jérémy 4MISSAOUI Ramzi 5MOLLE Chloé 5MOUHIB Bilal 5Mansour Mohamed 6Moreau Bérenger 5NAIT_SAADA Juba 4OSORNIO_GLEASON Cedric 6PARET-VAN_WOLPUT Pierre-Charles 1PASTEL Arthur 1PERACHE Loïc 4PHILBERT Alexandre 4PICQ Hugo 5PIERRU Marie 4PINNA Martin 5POINSO Alexandre 5POURCHOT Aloïs 1PRETET Laure 1REY Romain 5REYMANN Alexis 5RHOULAM Adil 1RIBIERE Hugo 1ROBERT Vincent 4ROBINEAU Ariane 4ROMERO Raphael 5ROSIER Hubert 5ROUMESTAN François 1Renault Matthieu 6SAINT_MARTIN Marie-Judith 4SHIN Robin 5SKOURI Jamal 1SOLER Juliette 5SPRIET Pierre 5SUEUR Antoine 5SEVIN Adrien 6TALLON Timothee 5TENCIC Annah 1TOUMI Manar 5TRAN Nathalie 5TOUNSI Nassima 6UCLA Pierre 5VATINYAN Mkrtich 4VEYRE_DE_SORAS Brice 5VOTTE Florent 5Vacher Emmanuel 6WAGNER Jonathan 5WOLSKI Piotr 5WONG Romain 5YANG Sirui 6YERAMIAN Kevin 5ZERKDI Maha 5ZHU Yichen 6ZOUAOUI Alexandre 1